TEST SETS KEY,Test Cycle ,Issue id,Type,TC ID,Name / Title,Preconditions,Steps to be executed,Test Data,Expected results,Actual Results,Priority,Status,Requirement Traceability,Bugs Traceability,Test Type
FA-4,FA-1,FA-13,Add Post GUI,Facebook-Adding Posts-GUI 01,Verify the Alignment of fields on Home page.,Manual,"1- Open the Facebook mobile application.2- Login with a valid username and password.3- Your Home page appear.4- Click On "" what's in your mind?""",_,The fields and icons should be alligned in a good way,The fields and icons are good alligned .,High,Pass,FR7    4.1.7.1. Add Post,,Manual
FA-4,FA-1,FA-14,Add Post GUI,Facebook-Adding Posts-GUI 02,"Verify that the ""What's in your mind ?"" can make changes in it .",Manual,"1- Open the Facebook mobile application.2- Login with a valid username and password.3- Your Home page appear.4- Click On "" what's in your mind?""",,"User can make changes on ""What's in your mind"" Field.","User makes changes in ""What's in your mind "" Field.",High,Pass,FR7    4.1.7.1. Add Post,,Manual
FA-4,FA-1,FA-15,Add Post GUI,Facebook-Adding Posts-GUI 03,Verify  that the user can control his post.,Manual,"1- Open the Facebook mobile application.2- Login with a valid username and password.3- Your Home page appear.4- Click On "" what's in your mind?""5- Click on ""Public"" drop down list.",_,"User can control visibility of his posts from ""Public"" drop down list.","User can control who can see his post ( Public , Friends,Friends except , Only me )",High,Pass,FR7    4.1.7.1. Add Post,,Manual
FA-4,FA-1,FA-16,Add Post GUI,Facebook-Adding Posts-GUI 04,Verify that the user clearly can share his posts in another platforms.,Manual,"1- Open the Facebook mobile application.2- Login with a valid username and password.3- Your Home page appear.4- Click On "" what's in your mind?""5- Click on ""Apps"" drop down list.",_,User can choose another apps the share his posts with.,"User can choose another apps to share his posts from app dropdown list(Instagram , Twitter ,Tumblr)",High,Pass,FR7    4.1.7.1. Add Post,,Manual
FA-4,FA-1,FA-17,Add Post GUI,Facebook-Adding Posts-GUI 05,Check the color appears when the user write wrong words.,Manual,"1- Open the Facebook mobile application.2- Login with a valid username and password.3- Your Home page appear.4- Click On "" what's in your mind?""5- Type wrong spelling words.",_,User saw thin red line under the wrong words.,Nothing appeared under the wrong words,Medium,Fail,FR7    4.1.7.1. Add Post,Facebook-Adding Posts-GUI 04,Manual
FA-4,FA-1,FA-18,Add Post GUI,Facebook-Adding Posts-GUI 06,Verify the Alignment of fields on Profile page.,Manual,"1- Open the Facebook mobile application.2- Login with a valid username and password.3- Your Home page appear.4- Click On "" what's in your mind?""",_,The fields and icons should  be aligned in agood way.,The fields and icons are good alligned .,High,Pass,FR7    4.1.7.1. Add Post,,Manual
FA-4,FA-1,FA-19,Add Post GUI,Facebook-Adding Posts-GUI 07,Verify that the user can find the same feature found in Home page from profile Page.,Manual,"1- Open the Facebook mobile application.2- Login with a valid username and password.3- Your Home page appear.4- Click On Profile Page.5- Click On "" what's in your mind?""",_,The features should be the same,The features should be the same,High,Pass,FR7    4.1.7.1. Add Post,,Manual
FA-5,FA-163,FA-20,Add Post Positive,Facebook-Adding Posts- Positive 01,Verify that the user can make a post on his page from Home Page,Manual,"1- Open the Facebook mobile application.2- Login with a valid username and password.3- Your Home page appear.4- Click On "" what's in your mind?""5- Write any words you want to share .6- After finishing click on post button 7- Post appeared on your page.",_,User can share a post successfully from Home Page ,User share posts Successfully from Home Page,High,Pass,FR7    4.1.7.1. Add Post,,Manual
FA-5,FA-163,FA-21,Add Post Positive,Facebook-Adding Posts- Positive 02,Verify that the user can make a post on his page from Profile Page,Manual,"1- Open the Facebook mobile application.2- Login with a valid username and password.3- Your Home page appearclick on Profile page.4- Click On "" what's in your mind?""5- Write any words you want to share .6- After finishing click on post button 7- Post appeared on your page.",_,User can share a post successfully from Profile Page ,User share posts Successfully from Home Page,High,Pass,FR7    4.1.7.1. Add Post,,Manual
FA-5,FA-163,FA-22,Add Post Positive,Facebook-Adding Posts- Positive 03,Verify that the user can Add Text post only.,Manual,"1- Open the Facebook mobile application.2- Login with a valid username and password.3- Your Home page appear.4- Click On "" what's in your mind?""5- Write any words you want to share .6- After finishing click on post button 7- Post appeared on your page.",_,User can share text post only in his page,User shares text posts only successfully,High,Pass,FR7    4.1.7.1. Add Post,,Manual
FA-5,FA-163,FA-23,Add Post Positive,Facebook-Adding Posts- Positive 04,Verify that the user can Add Text post with Gifs,Manual,"1- Open the Facebook mobile application.2- Login with a valid username and password.3- Your Home page appear.4- Click On "" what's in your mind?""5- Write any words you want to share then click on Gifs from swipe up list send choose the Gifs you want to share.6- After finishing click on post button 7- Post appeared on your page.",_,User can share text posts with Gifs .,User shares text posts with Gifs successfully,High,Pass,FR7    4.1.7.1. Add Post,,Manual
FA-5,FA-163,FA-24,Add Post Positive,Facebook-Adding Posts- Positive 05,Verify that the user can Add  post with Gifs only,Manual,"1- Open the Facebook mobile application.2- Login with a valid username and password.3- Your Home page appear.4- Click On "" what's in your mind?""5- Select from swipe up list Gifs and choose the Gifs you want to share..6- After finishing click on post button 7- Post appeared on your page.",_,User can share  posts with Gifs only .,User shares posts with Gifs only successfully,High,Pass,FR7    4.1.7.1. Add Post,,Manual
FA-5,FA-163,FA-25,Add Post Positive,Facebook-Adding Posts- Positive 06,Verify that the user can Add  post with Gifs and feeling,Manual,"1- Open the Facebook mobile application.2- Login with a valid username and password.3- Your Home page appear.4- Click On "" what's in your mind?""5- Select from swipe up list Gifs and choose the Gifs you want to share, then choose feeling from the swipe list..6- After finishing click on post button 7- Post appeared on your page.",_,User can share  posts with Gifs with Feelings.,User shares posts with Gifs and Feeling successfully,High,Pass,FR7    4.1.7.1. Add Post,,Manual
FA-5,FA-163,FA-26,Add Post Positive,Facebook-Adding Posts- Positive 07,Verify that the user can Add  post with Gifs and tag a friend,Manual,"1- Open the Facebook mobile application.2- Login with a valid username and password.3- Your Home page appear.4- Click On "" what's in your mind?""5- Select from swipe up list Gifs and choose the Gifs you want to share, then Tag a friend from the swipe list..6- After finishing click on post button 7- Post appeared on your page.",_,User can share  posts with Gifs and tag a friend.,User shares posts with Gifs and tagged friends successfully,High,Pass,FR7    4.1.7.1. Add Post,,Manual
FA-5,FA-163,FA-27,Add Post Positive,Facebook-Adding Posts- Positive 08,Verify that the user can Add  post with Gifs and Check in a place.,Manual,"1- Open the Facebook mobile application.2- Login with a valid username and password.3- Your Home page appear.4- Click On "" what's in your mind?""5- Select from swipe up list Gifs and choose the Gifs you want to share, then Check in a place from the swipe list.6- After finishing click on post button 7- Post appeared on your page.",_,User can share  posts with Gifs and Check in a place.,User shares posts with Gifs and checked in  places successfully,High,Pass,FR7    4.1.7.1. Add Post,,Manual
FA-5,FA-163,FA-28,Add Post Positive,Facebook-Adding Posts- Positive 09,Verify that the user can Add Music post only.,Manual,"1- Open the Facebook mobile application.2- Login with a valid username and password.3- Your Home page appear.4- Click On "" what's in your mind?""5- Select from swipe up list which Song you want to share. 6- After finishing click on post button 7- Post appeared on your page.",_,User can share  posts with Music only.,User shares posts with Music only successfully,High,Pass,FR7    4.1.7.1. Add Post,,Manual
FA-5,FA-163,FA-29,Add Post Positive,Facebook-Adding Posts- Positive 10,Verify that the user can Add music post with text.,Manual,"1- Open the Facebook mobile application.2- Login with a valid username and password.3- Your Home page appear.4- Click On "" what's in your mind?""5- Select from swipe up list which Song you want to share. 6- After finishing click on post button 7- Post appeared on your page.8- Post appeared on your page.",_,User can share  posts with Music and text,User shares posts with music and text successfully,High,Pass,FR7    4.1.7.1. Add Post,,Manual
FA-5,FA-163,FA-30,Add Post Positive,Facebook-Adding Posts- Positive 11,Verify that the user can Add music post with text and Tag friends,Manual,"1- Open the Facebook mobile application.2- Login with a valid username and password.3- Your Home page appear.4- Click On "" what's in your mind?""5- Select from swipe up list which Song you want to share, then tag a friend from the swipe up list. 6- After finishing click on post button 7- Post appeared on your page.8- Post appeared on your page.",_,User can share  posts with Music and text with tagged friend,User shares posts with music and text with tagged friends successfully,High,Pass,FR7    4.1.7.1. Add Post,,Manual
FA-5,FA-163,FA-31,Add Post Positive,Facebook-Adding Posts- Positive 12,Verify that the user can Add music post with text and Check in a place,Manual,"1- Open the Facebook mobile application.2- Login with a valid username and password.3- Your Home page appear.4- Click On "" what's in your mind?""5- Select from swipe up list which Song you want to share, Check in a place from the swipe up list. 6- After finishing click on post button 7- Post appeared on your page.8- Post appeared on your page.",_,"User can share  posts with Music, text and Check in a place","User shares posts with music, text and Check in places successfully",High,Pass,FR7    4.1.7.1. Add Post,,Manual
FA-5,FA-163,FA-32,Add Post Positive,Facebook-Adding Posts- Positive 13,Verify that the user can Add music post with Feeling.,Manual,"1- Open the Facebook mobile application.2- Login with a valid username and password.3- Your Home page appear.4- Click On "" what's in your mind?""5- Select from swipe up list which Song you want to share.  6- Choose Feeling from the swipe up list. 7- Post appeared on your page.8- Post appeared on your page.",_,User can share  posts with Music and feeling,User shares posts with music and feeling successfully,High,Pass,FR7    4.1.7.1. Add Post,,Manual
FA-5,FA-163,FA-33,Add Post Positive,Facebook-Adding Posts- Positive 14,Verify that the user can Add a post with background color.,Manual,"1- Open the Facebook mobile application.2- Login with a valid username and password.3- Your Home page appear.4- Click On "" what's in your mind?""5- Write any words you want to share .6- From swipe up list choose background click Post. 7- Post appeared on your page.",_,User can share  posts with Background color.,User shares posts with background colors successfully,High,Pass,FR7    4.1.7.1. Add Post,,Manual
FA-5,FA-163,FA-34,Add Post Positive,Facebook-Adding Posts- Positive 15,Verify that the user can Add a post with Single Photo from Camera.,Manual,"1- Open the Facebook mobile application.2- Login with a valid username and password.3- Your Home page appear.4- Click On "" what's in your mind?""5- From swipe up list choose Camera and capture a photo .6- After finishing click on post button  7- Post appeared on your page.",_,User can share posts with single photo from Camera,User shares posts with single Photo captured from Camera successfully,High,Pass,FR7    4.1.7.1. Add Post,,Manual
FA-5,FA-163,FA-35,Add Post Positive,Facebook-Adding Posts- Positive 16,Verify that the user can Add a post with Multiple Photos from Camera.,Manual,"1- Open the Facebook mobile application.2- Login with a valid username and password.3- Your Home page appear.4- Click On "" what's in your mind?""5- From swipe up list choose Camera and capture a photos .6- After finishing click on post button  7- Post appeared on your page.",_,User can share posts with Multiple photos from Camera,User can't share posts with more than photo from Camera .,Medium,Fail,FR7    4.1.7.1. Add Post,Facebook-Adding Posts-Positive 16,Manual
FA-5,FA-163,FA-36,Add Post Positive,Facebook-Adding Posts- Positive 17,"Verify that the user can Add a post with a single photo from Camera,And Multiple photos from Gallery",Manual,"1- Open the Facebook mobile application.2- Login with a valid username and password.3- Your Home page appear.4- Click On "" what's in your mind?""5- From swipe up list choose Camera and capture a photo .6- After click Done , click on ""Add More "" and select the photos you want to share. 7-  click post and the Post appeared on your page.",_,"User can share posts with Single photo from Camera,And Multiple photos from Gallery","User share posts with Single photo from Camera,And Multiple photos from Gallery",High,Pass,FR7    4.1.7.1. Add Post,,Manual
FA-5,FA-163,FA-37,Add Post Positive,Facebook-Adding Posts- Positive 18,Verify that the user can Add a post with Single Photo from Gallery.,Manual,"1- Open the Facebook mobile application.2- Login with a valid username and password.3- Your Home page appear.4- Click On "" what's in your mind?""5- From swipe up list choose photo/video , Choose single photo from Gallery. 6- click post the Post appeared on your page.",_,User can share posts with single photo from Gallery,User shares posts with single Photo from Gallery successfully,High,Pass,FR7    4.1.7.1. Add Post,,Manual
FA-5,FA-163,FA-38,Add Post Positive,Facebook-Adding Posts- Positive 19,Verify that the user can Add a post with Multiple Photos from Gallery.,Manual,"1- Open the Facebook mobile application.2- Login with a valid username and password.3- Your Home page appear.4- Click On "" what's in your mind?""5- From swipe up list choose photo/video , Choose multiple photos  from Gallery. 6- click post the Post appeared on your page.",_,User can share posts with multiple photos from Gallery,User shares posts with single multiple photos from Gallery successfully,High,Pass,FR7    4.1.7.1. Add Post,,Manual
FA-5,FA-163,FA-39,Add Post Positive,Facebook-Adding Posts- Positive 20,Verify that the user can Add a post with Single video from Camera.,Manual,"1- Open the Facebook mobile application.2- Login with a valid username and password.3- Your Home page appear.4- Click On "" what's in your mind?""5- From swipe up list choose Camera and record a video.. 6- click post the Post appeared on your page.",_,User can share posts with single video from Camera,User shares posts with single video recorded from Camera successfully,High,Pass,FR7    4.1.7.1. Add Post,,Manual
FA-5,FA-163,FA-40,Add Post Positive,Facebook-Adding Posts- Positive 21,Verify that the user can Add a post with Single video from Gallery.,Manual,"1- Open the Facebook mobile application.2- Login with a valid username and password.3- Your Home page appear.4- Click On "" what's in your mind?""5- From swipe up list choose Photo/video and choose the video you want to share.. 6- click post the Post appeared on your page.",_,User can share posts with single video from Gallery,User shares posts with single video from Gallery successfully,High,Pass,FR7    4.1.7.1. Add Post,,Manual
FA-5,FA-163,FA-41,Add Post Positive,Facebook-Adding Posts- Positive 22,Verify that the user can Add a post with Multiple Videos from Camera.,Manual,"1- Open the Facebook mobile application.2- Login with a valid username and password.3- Your Home page appear.4- Click On "" what's in your mind?""5- From swipe up list choose Camera and recorded videos. 6- click post the Post appeared on your page.",_,User can share posts with Multiple videos from Camera,User can't share posts with more than one video from Camera .,Medium,Fail,FR7    4.1.7.1. Add Post,Facebook-Adding Posts-Positive 22,Manual
FA-5,FA-163,FA-42,Add Post Positive,Facebook-Adding Posts- Positive 23,Verify that the user can Add a post with Multiple Videos from Gallery.,Manual,"1- Open the Facebook mobile application.2- Login with a valid username and password.3- Your Home page appear.4- Click On "" what's in your mind?""5- From swipe up list choose photo/video and choose the videos you want to share. 6- click post the Post appeared on your page.",_,User can share posts with Multiple videos from Gallery,User can share posts with more than one video from Gallery .,High,Pass,FR7    4.1.7.1. Add Post,,Manual
FA-5,FA-163,FA-43,Add Post Positive,Facebook-Adding Posts- Positive 24,Verify that the user can Add a post with Mix of photos & Videos from Gallery.,Manual,"1- Open the Facebook mobile application.2- Login with a valid username and password.3- Your Home page appear.4- Click On "" what's in your mind?""5- From swipe up list choose photo/video and choose the photos &videos you want to share. 6- click post the Post appeared on your page.",_,User can share posts with Mix of Photos & videos from Gallery,User can share posts with photos & videos from Gallery .,High,Pass,FR7    4.1.7.1. Add Post,,Manual
FA-5,FA-163,FA-44,Add Post Positive,Facebook-Adding Posts- Positive 25,"Verify that the user can Add a post with a single video from Camera,And Multiple videos & photos from Gallery",Manual,"1- Open the Facebook mobile application.2- Login with a valid username and password.3- Your Home page appear.4- Click On "" what's in your mind?""5- From swipe up list choose Camera and record a video. 6- After click Done , click on ""Add More "" and select the photos & videos you want to share.7- After finishing click on post button , the post will appear.",_,"User can share posts with Single video from Camera,And Multiple photos & videos from Gallery","User share posts with Single video from Camera,And Multiple photos & videos from Gallery",High,Pass,FR7    4.1.7.1. Add Post,,Manual
FA-5,FA-163,FA-45,Add Post Positive,Facebook-Adding Posts- Positive 26,Verify Check that the user can Add post with Live video.,Manual,"1- Open the Facebook mobile application.2- Login with a valid username and password.3- Your Home page appear.4- Click On "" what's in your mind?""5- From swipe up list choose ""Live Video"". 6- click post the Post appeared on your page.",_,User can share Live video on his home page.,User can share Live Video Successfully,High,Pass,FR7    4.1.7.1. Add Post,,Manual
FA-5,FA-163,FA-46,Add Post Positive,Facebook-Adding Posts- Positive 27,Verify  that the user can save the post as a draft.,Manual,"1- Open the Facebook mobile application.2- Login with a valid username and password.3- Your Home page appear.4- Click On "" what's in your mind?""5- Write the words you want to share. 6- Select return button , menu appeared ask you if you want to ""Save as Draft , Discard post,Continue Editing"" click on : Save as Draft .",_,User can save posts as drafts.,User can save post as draft Successfully,High,Pass,FR7    4.1.7.1. Add Post,,Manual
FA-5,FA-163,FA-47,Add Post Positive,Facebook-Adding Posts- Positive 28,Verify that the user can edit the post privacy,Manual,"1- Open the Facebook mobile application.2- Login with a valid username and password.3- Your Home page appear.4- Click On "" what's in your mind?""5- Write any words you want to share , then click on ""Public"" button and choose between: (Public , Friends , specific friends, friends except , Only me ).. 6- click post the Post appeared on your page.",_,User can change the privacy of the post .,User can change the privacy of the post Successfully,High,Pass,FR7    4.1.7.1. Add Post,,Manual
FA-5,FA-163,FA-48,Add Post Positive,Facebook-Adding Posts- Positive 29,Verify that the user can view post (His posts and his friends posts),Manual,"1- Open the Facebook mobile application.2- Login with a valid username and password.3- Your Home page appear.4- click on ""Profile page"" and check the last posts you shared.Or you can choose specific friend you want to see his posts.",_,User can see his own posts and his friends posts,User can his own posts and his friends post easily.,High,Pass,FR7    4.1.7.1. Add Post,,Manual
FA-5,FA-163,FA-49,Add Post Positive,Facebook-Adding Posts- Positive 30,Verify that the user can comment on posts (His posts and his friends posts),Manual,"1- Open the Facebook mobile application.2- Login with a valid username and password.3- Your Home page appear.4- Choose any post and click on ""Comment"" and write any comment you want,and click on the blue Arrow to send the Comment.5- Choose any post of your friend  you want to comment on it and write your comment and click send .",_,User can comment on his posts and his friends posts.,User can comment on his posts and his friends post easily.,High,Pass,FR7    4.1.7.1. Add Post,,Manual
FA-5,FA-163,FA-50,Add Post Positive,Facebook-Adding Posts- Positive 32,Verify that the  user can Hide posts (His posts and his friends posts),Manual,"1- Open the Facebook mobile application.2- Login with a valid username and password.3- Your Home page appear4- Choose any post and from the three Dots found upper left side of any post ""…"" .5- Choose from the list appeared ""Hide post"".",_,User can hide his posts and his friends posts.,User can hide his posts and his friends post easily.,High,Pass,FR7    4.1.7.1. Add Post,,Manual
FA-5,FA-163,FA-51,Add Post Positive,Facebook-Adding Posts- Positive 33,Verify that the  user can Share posts (His posts and his friends posts),Manual,"1- Open the Facebook mobile application.2- Login with a valid username and password.3- Your Home page appear4- Choose any post and click on "" Share"" arrow exist under the post , and you can choose where you want to share:( Messenger ,Send in WhatsApp, share to a group , more options).",_,User can share his posts and his friends posts.,User can share his posts and his friends post easily.PS: if friends allow to share there posts.,High,Pass,FR7    4.1.7.1. Add Post,,Manual
FA-6,FA-164,FA-52,Add Post Negative,Facebook-Adding Posts- Negative 01,Verify that the user can't create an empty post,Manual,"1- Open the Facebook mobile application.2- Login with a valid username and password.3- Your Home page appear.4- Click On "" what's in your mind?""5- Click "" Post"".",_,User can't share empty Posts.,User can't share empty posts.,High,Pass,FR7    4.1.7.1. Add Post,,Manual
FA-6,FA-164,FA-53,Add Post Negative,Facebook-Adding Posts- Negative 02,Verify that the user find his post posted after internet connection is back ,Manual,"1- Open the Facebook mobile application.2- Login with a valid username and password.3- Your Home page appear.4- Click On "" what's in your mind?""5- Write any words you want to share,  then Click "" Post"".",_,The user can found the post he shared posted after the internet connection back.,The User found his post posted after the internet connection come back,High,Pass,FR7    4.1.7.1. Add Post,,Manual
FA-6,FA-164,FA-54,Add Post Negative,Facebook-Adding Posts- Negative 03,Verify that the calls Interruption will not effect on writing a post.,Manual,"1- Open the Facebook mobile application.2- Login with a valid username and password.3- Your Home page appear.4- Click On "" what's in your mind?""5- Write any words you want to share,  then Click "" Post"", receive a phone call while writing the post.",_,The user can found his post like he left it after finishing the call,The User found his post like he left it after he finished the call.,High,Pass,FR7    4.1.7.1. Add Post,,Manual
FA-6,FA-164,FA-55,Add Post Negative,Facebook-Adding Posts- Negative 04,Verify that the user can delete his posts after posted it .,Manual,"1- Open the Facebook mobile application.2- Login with a valid username and password.3- Your Home page appear.4- Click On "" what's in your mind?""5- Write any words you want to share,  then Click "" Post"".6- Click on the three dots available on the upper left of the post and choose ""Move to Recycle bin""",_,The user can delete his posts.,The User can delete his posts successfully.,High,Pass,FR7    4.1.7.1. Add Post,,Manual
FA-6,FA-164,FA-56,Add Post Negative,Facebook-Adding Posts- Negative 05,Verify that the user can't delete his friends posts .,Manual,1- Open the Facebook mobile application.2- Login with a valid username and password.3- Your Home page appear4- Choose any friend's post and try to delete it by clicking in the three Dots found in the upper left of the post.,_,The user can't delete his friends post.,"The User can't found ""Move to recycle bin"" in the list He found ( Save post, Hide Post, Report Post, Turn on notifications, Copy Link, Unfollow the friend)",High,Pass,FR7    4.1.7.1. Add Post,,Manual
FA-6,FA-164,FA-57,Add Post Negative,Facebook-Adding Posts- Negative 06,Verify that the user can't tag a user not on his friends list,Manual,"1- Open the Facebook mobile application.2- Login with a valid username and password.3- Your Home page appear.4- Click On "" what's in your mind?""5- Write any words you want to share,  try to Tag a friend not on your friends list .",_,The user can't tag a friend not on his friends list.,The User can't tag any friend not on his friends list.PS: he can Tag Public Figures ,High,Pass,FR7    4.1.7.1. Add Post,,Manual
FA-6,FA-164,FA-58,Add Post Negative,Facebook-Adding Posts- Negative 07,Verify that the user can't tag himself in a post,Manual,"1- Open the Facebook mobile application.2- Login with a valid username and password.3- Your Home page appear.4- Click On "" what's in your mind?""5- Write any words you want to share,  try to Tag Yourself.",_,The user can't tag himself on his posts.,The User can't tag himself on the post.,High,Pass,FR7    4.1.7.1. Add Post,,Manual
FA-6,FA-164,FA-59,Add Post Negative,Facebook-Adding Posts- Negative 08,Verify the user can't check in if location services are turned off.,Manual,"1- Open the Facebook mobile application.2- Login with a valid username and password.3- Your Home page appear.4- Click On "" what's in your mind?""5- Write any words you want to share,  try to Check in without turn on "" Location""",_,"The user can't Check in if "" Location services"" off.","The User can't check in without turning On ""Location""",High,Pass,FR7    4.1.7.1. Add Post,,Manual
FA-6,FA-164,FA-60,Add Post Negative,Facebook-Adding Posts- Negative 09,"Verify that when the user choose from privacy ""Friends"" unfriends can not see his posts.",Manual,"1- Open the Facebook mobile application.2- Login with a valid username and password.3- Your Home page appear.4- Click On "" what's in your mind?5- Write any words you want to share,  choose from ""privacy"" friends. Then Post.",_,Unfriends can't see the posts the user shared with friends only privacy,Unfriends can't see the posts that is not public privacy. ,High,Pass,FR7    4.1.7.1. Add Post,,Manual
FA-6,FA-164,FA-61,Add Post Negative,Facebook-Adding Posts- Negative 10,"Verify the user when he share post with ""except friend"" that friend can't see this post",Manual,"1- Open the Facebook mobile application.2- Login with a valid username and password.3- Your Home page appear.4- Click On "" what's in your mind?""5- Write any words you want to share,  choose from ""privacy"" except friend and choose on of friends.then Post.",_,Except friend shouldn't see the post.,Except friend can't see the post.,High,Pass,FR7    4.1.7.1. Add Post,,Manual
FA-6,FA-164,FA-62,Add Post Negative,Facebook-Adding Posts- Negative 11,"Verify the user when he share post with ""Only me ""no one can see the post except him.",Manual,"1- Open the Facebook mobile application.2- Login with a valid username and password.3- Your Home page appear.4- Click On "" what's in your mind?""5- Write any words you want to share,  choose from ""privacy"" Only me and click post.",_,"No One can see posts with "" Only me "" privacy.","The User is only one can see posts of "" Only Me "" privacy ",High,Pass,FR7    4.1.7.1. Add Post,,Manual
FA-7,FA-2,FA-63,Add Story GUI,Facebook-Adding Stories-GUI 01,Verify the Alignment of fields on Create story page.,Manual,"1- Open the Facebook mobile application2- Login with a valid username and password.3- Your Home page appear.4- Click On ""Create story"" Icon.",_,Create Story should Contain different feature for create stories in clear and visible fields.,""" Create Story"" page contains ( Text , Music , Green Screen,Boomerang , Selfie , Choose from Gallery)",High,Pass,FR8    4.1.8.1 Add Story,,Manual
FA-7,FA-2,FA-64,Add Story GUI,Facebook-Adding Stories-GUI 02,"Verify that the ""Create Story"" can be editable .",Manual,"1- Open the Facebook mobile application2- Login with a valid username and password.3- Your Home page appear.4- Click On ""Create story"" Icon.5- Try to create story by clicking on ""Text"" and write something to share as story.",_,"User can make changes in ""Create story"" page","User make changes in ""Create story Field""",High,Pass,FR8    4.1.8.1 Add Story,,Manual
FA-7,FA-2,FA-65,Add Story GUI,Facebook-Adding Stories-GUI 03,Verify that the user can control who see his story from story page.,Manual,"1- Open the Facebook mobile application2- Login with a valid username and password.3- Your Home page appear.4- Click On ""Create story"" Icon.5- Try to create story by clicking on ""Text"" and write something and click done, then click on ""Privacy"" shown in the left lower of the story.",_,The User can control how see his story,"User can choose from the ""Privacy"" menu who see his story from( Public, Friends, Hide from, Custom)",High,Pass,FR8    4.1.8.1 Add Story,,Manual
FA-7,FA-2,FA-66,Add Story GUI,Facebook-Adding Stories-GUI 04,Verify that the User can choose another apps to share his Story.,Manual,"1- Open the Facebook mobile application2- Login with a valid username and password.3- Your Home page appear.4- Click On ""Create story"" Icon.5- write anything and click done.click on ""Share"" found in the right lower of the story which contain the Apps you liked with Facebook.",_,The User can share posts with another Apps,User can share posts with Apps connected to Facebook,High,Pass,FR8    4.1.8.1 Add Story,,Manual
FA-7,FA-2,FA-67,Add Story GUI,Facebook-Adding Stories-GUI 05,Verify that the Logos of features shown in a clear and visible place.,Manual,"1- Open the Facebook mobile application2- Login with a valid username and password.3- Your Home page appear.4- Click On ""Create story"" Icon.5- Check the logos of ( Music , Text , selfie …...etc.)",_,The logos of the features shown good and  clear place,The logos of the Features shown in a decent and good place and the icons perfectly match with the feature,High,Pass,FR8    4.1.8.1 Add Story,,Manual
FA-8,FA-165,FA-68,Add Story Positive,Facebook-Adding Stories-Positive 01,Verify that the user can create story from Home Page,Manual,"1- Open the Facebook mobile application2- Login with a valid username and password.3- Your Home page appear.4- Click On ""Create story"" Icon.5- Click on Text and type ""Hello World"" then click Share",_,The story should be created.,The story created successfully and appeared in story feed,High,Pass,FR8    4.1.8.1 Add Story,,Manual
FA-8,FA-165,FA-69,Add Story Positive,Facebook-Adding Stories-Positive 02,Verify that the user can create Text story only,Manual,"1- Open the Facebook mobile application2- Login with a valid username and password.3- Your Home page appear.4- Click On ""Create story"" Icon.5- Click on Text and type ""Hello World"" then click Share",_,The story should be created.,The story created successfully and appeared in story feed,High,Pass,FR8    4.1.8.1 Add Story,,Manual
FA-8,FA-165,FA-70,Add Story Positive,Facebook-Adding Stories-Positive 03,Verify that the user can create Music story only,Manual,"1- Open the Facebook mobile application2- Login with a valid username and password.3- Your Home page appear.4- Click On ""Create story"" Icon.5- Click on Music and choose the song you want to Share and click Share.",_,The story should be created.,The story created successfully with lyrics of the song if it available,High,Pass,FR8    4.1.8.1 Add Story,,Manual
FA-8,FA-165,FA-71,Add Story Positive,Facebook-Adding Stories-Positive 04,Verify that the user can create Music story with photo ,Manual,"1- Open the Facebook mobile application2- Login with a valid username and password.3- Your Home page appear.4- Click On ""Create story"" Icon.5- Click on Music and choose the song you want to Share and click Share.a photo you want to share with the music.",_,The story should be created.,The story created successfully and appeared in story feed,High,Pass,FR8    4.1.8.1 Add Story,,Manual
FA-8,FA-165,FA-72,Add Story Positive,Facebook-Adding Stories-Positive 05,Verify that the user can create Music story with Text ,Manual,"1- Open the Facebook mobile application2- Login with a valid username and password.3- Your Home page appear.4- Click On ""Create story"" Icon.5- Click on Music and choose the song you want to Share and click Share.a text you want to share with the music.",_,The story should be created.,The story created successfully and appeared in story feed,High,Pass,FR8    4.1.8.1 Add Story,,Manual
FA-8,FA-165,FA-73,Add Story Positive,Facebook-Adding Stories-Positive 06,Verify that the user can create Music story with Background,Manual,"1- Open the Facebook mobile application2- Login with a valid username and password.3- Your Home page appear.4- Click On ""Create story"" Icon.5- Click on Music and choose the song you want to Share and click Share. backgrounds and choose the background you want to add with the music.",_,The story should be created.,The story created successfully and appeared in story feed,High,Pass,FR8    4.1.8.1 Add Story,,Manual
FA-8,FA-165,FA-74,Add Story Positive,Facebook-Adding Stories-Positive 07,Verify that the user can create Music story with Stickers. ,Manual,"1- Open the Facebook mobile application2- Login with a valid username and password.3- Your Home page appear.4- Click On ""Create story"" Icon.5- Click on Music and choose the song you want to Share and click Share.Stickers and choose the sticker you want to share with the music.",_,The story should be created.,The story created successfully and appeared in story feed,High,Pass,FR8    4.1.8.1 Add Story,,Manual
FA-8,FA-165,FA-75,Add Story Positive,Facebook-Adding Stories-Positive 08,Verify that the user can create Music story with Effects,Manual,"1- Open the Facebook mobile application2- Login with a valid username and password.3- Your Home page appear.4- Click On ""Create story"" Icon.5- Click on Music and choose the song you want to Share and click Share.Effects and choose the effect you want to add with the music.",_,The story should be created.,The story created successfully and appeared in story feed,High,Pass,FR8    4.1.8.1 Add Story,,Manual
FA-8,FA-165,FA-76,Add Story Positive,Facebook-Adding Stories-Positive 09,Verify that the user can create Music story with Draw,Manual,"1- Open the Facebook mobile application2- Login with a valid username and password.3- Your Home page appear.4- Click On ""Create story"" Icon.5- Click on Music and choose the song you want to Share and click Share.Draw and draw anything you want to share with the music.",_,The story should be created.,The story created successfully and appeared in story feed,High,Pass,FR8    4.1.8.1 Add Story,,Manual
FA-8,FA-165,FA-77,Add Story Positive,Facebook-Adding Stories-Positive 10,Verify that the user can create Music story and Tag a friend,Manual,"1- Open the Facebook mobile application2- Login with a valid username and password.3- Your Home page appear.4- Click On ""Create story"" Icon.5- Click on Music and choose the song you want to Share and click Share. Tag sign and choose the friend you want to tag him in the story.",_,The story should be created.,The story created successfully and appeared in story feed,High,Pass,FR8    4.1.8.1 Add Story,,Manual
FA-8,FA-165,FA-78,Add Story Positive,Facebook-Adding Stories-Positive 11,Verify that the user can create a story with Green Screen.,Manual,"1- Open the Facebook mobile application2- Login with a valid username and password.3- Your Home page appear.4- Click On ""Create story"" Icon.5-Click on Green Screen and choose a background from places suggested from Facebook or from Camera roll.",_,The story should be created.,The story created successfully and appeared in story feed,High,Pass,FR8    4.1.8.1 Add Story,,Manual
FA-8,FA-165,FA-79,Add Story Positive,Facebook-Adding Stories-Positive 12,Verify that the user can create a story with Effects and filters.,Manual,"1- Open the Facebook mobile application2- Login with a valid username and password.3- Your Home page appear.4- Click On ""Create story"" Icon.5- Click on Boomerang and take a picture and choose the effects or filters you  want to add.",_,The story should be created.,The story created successfully and appeared in story feed,High,Pass,FR8    4.1.8.1 Add Story,,Manual
FA-8,FA-165,FA-80,Add Story Positive,Facebook-Adding Stories-Positive 13,Verify that the user can create a Selfie story .,Manual,"1- Open the Facebook mobile application2- Login with a valid username and password.3- Your Home page appear.4- Click On ""Create story"" Icon.5- Click on Selfie and take a picture and you can add effects or share it in normal case.",_,The story should be created.,The story created successfully and appeared in story feed,High,Pass,FR8    4.1.8.1 Add Story,,Manual
FA-8,FA-165,FA-81,Add Story Positive,Facebook-Adding Stories-Positive 15,Verify that the user can create a video story .,Manual,"1- Open the Facebook mobile application2- Login with a valid username and password.3- Your Home page appear.4- Click On ""Create story"" Icon.5- Click on Selfie and swipe to right and click on Video and record the video with front or back Cam.",_,The story should be created.,The story created successfully and appeared in story feed,High,Pass,FR8    4.1.8.1 Add Story,,Manual
FA-8,FA-165,FA-82,Add Story Positive,Facebook-Adding Stories-Positive 17,Verify that the user can create a story with Single photo from Gallery .,Manual,"1- Open the Facebook mobile application2- Login with a valid username and password.3- Your Home page appear.4- Click On ""Create story"" Icon.5- Click on The photo you want to share. Then click Share.",_,The story should be created.,The story created successfully and appeared in story feed,High,Pass,FR8    4.1.8.1 Add Story,,Manual
FA-8,FA-165,FA-83,Add Story Positive,Facebook-Adding Stories-Positive 18,Verify that the user can create a story with Multiple Photos from Gallery .,Manual,"1- Open the Facebook mobile application2- Login with a valid username and password.3- Your Home page appear.4- Click On ""Create story"" Icon.5- Click on Select Multiple , choose the photos you want to share, it will ask if you want to share as Separate stories or Photo collage.",_,The story should be created.,The story created successfully and appeared in story feed,High,Pass,FR8    4.1.8.1 Add Story,,Manual
FA-8,FA-165,FA-84,Add Story Positive,Facebook-Adding Stories-Positive 19,Verify that the user can create a story with Single video from Gallery .,Manual,"1- Open the Facebook mobile application2- Login with a valid username and password.3- Your Home page appear.4- Click On ""Create story"" Icon.5- Click on The Video you want to share. Then click Share.",_,The story should be created.,The story created successfully and appeared in story feed,High,Pass,FR8    4.1.8.1 Add Story,,Manual
FA-8,FA-165,FA-85,Add Story Positive,Facebook-Adding Stories-Positive 20,Verify that the user can create a story with Multiple Videos from Gallery as Separate stories ,Manual,"1- Open the Facebook mobile application2- Login with a valid username and password.3- Your Home page appear.4- Click On ""Create story"" Icon5- Click on Select Multiple , choose the videos you want to share, it will ask if you want to share as Separate stories.",_,The story should be created.,The story created successfully and appeared in story feed,High,Pass,FR8    4.1.8.1 Add Story,,Manual
FA-8,FA-165,FA-86,Add Story Positive,Facebook-Adding Stories-Positive 21,Verify that the user can create a story with Multiple Videos from Gallery as Photo collage ,Manual,"1- Open the Facebook mobile application2- Login with a valid username and password.3- Your Home page appear.4- Click On ""Create story"" Icon5- Click on Select Multiple , choose the videos you want to share, it will ask if you want to share as a Photo collage.",_,The story should be created.,The story can't be created with multiple videos in Photo collage,Low,Fail,FR8    4.1.8.1 Add Story,Facebook-Adding Stories-Positive 21,Manual
FA-8,FA-165,FA-87,Add Story Positive,Facebook-Adding Stories-Positive 22,Verify that the user can create a story with Multiple Videos and Photos from Gallery as Separate stories  ,Manual,"1- Open the Facebook mobile application2- Login with a valid username and password.3- Your Home page appear.4- Click On ""Create story"" Icon5- Click on Select Multiple , choose the videos you want to share, it will ask if you want to share as a Separate stories.",_,The story should be created.,The story created successfully and appeared in story feed,High,Pass,FR8    4.1.8.1 Add Story,,Manual
FA-8,FA-165,FA-88,Add Story Positive,Facebook-Adding Stories-Positive 23,Verify that the user can see who viewed his story,Manual,"1- Open the Facebook mobile application2- Login with a valid username and password.3- Your Home page appear.4- Click On ""Create story"" Icon.5- Create any story you want to share and click share , then click on your post  you will find "" an eye"" in the right lower of the story shown number of the viewers by click on  it you will see who view your story.",_,The user can see who viewed his Story.,The user can see who viewed his stories successfully.,High,Pass,FR8    4.1.8.1 Add Story,,Manual
FA-8,FA-165,FA-89,Add Story Positive,Facebook-Adding Stories-Positive 24,Verify that the user can create a story and share it in another platforms.,Manual,"1- Open the Facebook mobile application2- Login with a valid username and password.3- Your Home page appear.4- Click On ""Create story"" Icon.5- Create any story you want to share and click share , if you connect any apps with Facebook you will find it's icons on share button.",_,The user can share stories in another Apps,The user can share his stories with another apps if it connected with Facebook successfully.,High,Pass,FR8    4.1.8.1 Add Story,,Manual
FA-8,FA-165,FA-90,Add Story Positive,Facebook-Adding Stories-Positive 25,Verify that the user can see his friends Stories.,Manual,"1- Open the Facebook mobile application2- Login with a valid username and password.3- Your Home page appear.4- Under "" What's on your mind "" you will find Stories of your friends 5- Click in first story and move between stories.",_,The user can see stories of his friends.,The user can see his friends stories successfully,High,Pass,FR8    4.1.8.1 Add Story,,Manual
FA-8,FA-165,FA-91,Add Story Positive,Facebook-Adding Stories-Positive 26,Verify that the user can mute his friends Stories.,Manual,"1- Open the Facebook mobile application2- Login with a valid username and password.3- Your Home page appear.4- Under "" What's on your mind "" you will find Stories of your friends5- Press Long press on any Story you want to Mute , I list  ask you if you want to mute or view the profile of the friend , if you click ""mute"" it will ask you how much time ( For 24 hours , for 1 week,Until i Unmute it).",_,The user can mute stories of his friends.,The user can mute his friends stories successfully,High,Pass,FR8    4.1.8.1 Add Story,,Manual
FA-8,FA-165,FA-92,Add Story Positive,Facebook-Adding Stories-Positive 28,Verify that the user can create a story and send it in Messenger.,Manual,"1- Open the Facebook mobile application2- Login with a valid username and password.3- Your Home page appear.4- Click On ""Create story"" Icon. 5- Create any story you want to share and click Share.6- Click on the story you shared , and click on the Three Dots existed in right upper of the Story7- click on ""Send in Messenger"".",_,The user can share his story in messenger.,The user share story in messenger successfully,High,Pass,FR8    4.1.8.1 Add Story,,Manual
FA-8,FA-165,FA-93,Add Story Positive,Facebook-Adding Stories-Positive 29,Verify that the user can create a story contains photo and save it in Gallery.,Manual,"1- Open the Facebook mobile application2- Login with a valid username and password.3- Your Home page appear.4- Click On ""Create story"" Icon. 5- Create any story you want to share and click Share.6- Click on the story you shared , and click on the Three Dots existed in right upper of the Story7- click on ""Save Photo"".",_,The user can save his photo story in Gallery,The user save his photo story in Gallery successfully,High,Pass,FR8    4.1.8.1 Add Story,,Manual
FA-8,FA-165,FA-94,Add Story Positive,Facebook-Adding Stories-Positive 30,Verify that the user can create a story contains video and save it in Gallery.,Manual,"1- Open the Facebook mobile application2- Login with a valid username and password.3- Your Home page appear.4- Click On ""Create story"" Icon. 5- Create any story you want to share and click Share.6- Click on the story you shared , and click on the Three Dots existed in right upper of the Story7- click on ""Save Photo"".",_,The user can save his video story in Gallery,The user save his video story in Gallery successfully,High,Pass,FR8    4.1.8.1 Add Story,,Manual
FA-8,FA-165,FA-95,Add Story Positive,Facebook-Adding Stories-Positive 31,Verify that the user can create a story and Archive it,Manual,"1- Open the Facebook mobile application2- Login with a valid username and password.3- Your Home page appear.4- Click On ""Create story"" Icon. 5- Create any story you want to share and click Share.6- Click on the story you shared , and click on the Three Dots existed in right upper of the Story7- click on ""Archieve Photo"".",_,The user can archive his story.,The user can archive his story,High,Pass,FR8    4.1.8.1 Add Story,,Manual
FA-8,FA-165,FA-96,Add Story Positive,Facebook-Adding Stories-Positive 32,Verify that the user can create a story and copy link to share his story.,Manual,"1- Open the Facebook mobile application2- Login with a valid username and password.3- Your Home page appear.4- Click On ""Create story"" Icon. 5- Create any story you want to share and click Share.6- Click on the story you shared , and click on the Three Dots existed in right upper of the Story7- click on ""Copy Link of the story"". It will be copied and you can share anywhere.",_,The user can copy the link of his story.,The user can copy the link of his story,High,Pass,FR8    4.1.8.1 Add Story,,Manual
FA-8,FA-165,FA-97,Add Story Positive,Facebook-Adding Stories-Positive 33,Verify that the user can create a story and delete it.,Manual,"1- Open the Facebook mobile application2- Login with a valid username and password.3- Your Home page appear.4- Click On ""Create story"" Icon. 5- Create any story you want to share and click Share.6- Click on the story you shared , and click on the Three Dots existed in right upper of the Story7- click on ""Delete story"".",_,The user can delete his story.,The user can delete his story successfully,High,Pass,FR8    4.1.8.1 Add Story,,Manual
FA-8,FA-165,FA-98,Add Story Positive,Facebook-Adding Stories-Positive 34,Verify that the user can view his story from Profile page.,Manual,"1- Open the Facebook mobile application2- Login with a valid username and password.3- Your Home page appear.4- Click On ""Create story"" Icon. Create any story you want to share and click Share5- Go to "" Profile page"" and click on Profile Picture.6- List Shown , choose "" view story""",_,The user can see his story from Profile page.,The user can see his story from profile page.,High,Pass,FR8    4.1.8.1 Add Story,,Manual
FA-8,FA-165,FA-99,Add Story Positive,Facebook-Adding Stories-Positive 35,Verify that the user can view his story and his friends stories from Messenger.,Manual,"1- Open the Facebook mobile application2- Login with a valid username and password.3- Your Home page appear.4-Open Messanger. Create any story you want to share and click Share5- Click on ""Stories"" Button available in the lower side in Messenger Page 6- Check your story and your friends stories.",_,The user can see his story and his friends stories from Messenger,The user see his story and his friends story from Messenger.,High,Pass,FR8    4.1.8.1 Add Story,,Manual
FA-8,FA-165,FA-100,Add Story Positive,Facebook-Adding Stories-Positive 36,Verify that the user can create story from Messenger.,Manual,"1- Open the Facebook mobile application2- Login with a valid username and password.3- Your Home page appear.4-Open Messanger. Create any story you want to share and click Share5- Click on ""Stories"" Button available in the lower side in Messenger Page 6- Click on ""Add to story"" , you can create text story , or share photo from Camera or choose from gallery",_,The user can see create story from Messenger,The user can create  story from Messenger.,High,Pass,FR8    4.1.8.1 Add Story,,Manual
FA-9,FA-166,FA-101,Add Story Negative,Facebook-Adding Stories-Negative 01,Verify that the user can't create an empty story.,Manual,"1- Open the Facebook mobile application2- Login with a valid username and password.3- Your Home page appear.4- Click On ""Create story"" Icon.5- click share.",_,The user can't Create empty Story.,The user can't Create empty Story.,High,Pass,FR8    4.1.8.1 Add Story,,Manual
FA-9,FA-166,FA-102,Add Story Negative,Facebook-Adding Stories-Negative 02,Verify that the user can't create a story from Profile page.,Manual,1- Open the Facebook mobile application2- Login with a valid username and password.3- Your Home page appear.4- Click On Profile page.5- Check the page if you can find any button you can create story from.,_,The user can't Create Story from Profile page,The user can't Create Story from Profile page.,High,Pass,FR8    4.1.8.1 Add Story,,Manual
FA-9,FA-166,FA-103,Add Story Negative,Facebook-Adding Stories-Negative 03,"Verify that the story the user deleted from Facebook , is not deleted from another apps he shared with it.",Manual,"1- Open the Facebook mobile application2- Login with a valid username and password.3- Your Home page appear.4- Click On Profile page, Click On ""Create story"" Icon, create any story.5- Delete the story from Facebook, check if it deleted from another apps you shared with.",_,The story will not deleted from another apps is you deleted from Facebook.,The user can't Create Story from Profile page.,High,Pass,FR8    4.1.8.1 Add Story,,Manual
FA-9,FA-166,FA-104,Add Story Negative,Facebook-Adding Stories-Negative 04,Verify that the user can't delete his friends stories.,Manual,1- Open the Facebook mobile application2- Login with a valid username and password.3- Your Home page appear.4- Click On stories of your friend try to delete it.5-All you can find is to mute the story of view the profile of the friend.,_,The user can't Delete the stories of his friends.,The user can't delete the story of his friends.,High,Pass,FR8    4.1.8.1 Add Story,,Manual
FA-9,FA-166,FA-105,Add Story Negative,Facebook-Adding Stories-Negative 05,"Verify that the user can't create ""Only me "" Story.",Manual,1- Open the Facebook mobile application2- Login with a valid username and password.3- Your Home page appear4- Click On stories of your friend try to delete it.5-All you can find is to mute the story of view the profile of the friend.,_,"The user can't Delete create ""Only me "" story.","The user can't create "" Only me "" story.",High,Pass,FR8    4.1.8.1 Add Story,,Manual
FA-9,FA-166,FA-106,Add Story Negative,Facebook-Adding Stories-Negative 06,Verify that the calls Interruption will not effect on creating a story.,Manual,"1- Open the Facebook mobile application2- Login with a valid username and password.3- Your Home page appear4- Click On Profile page, Click On ""Create story"" Icon, create any story.5-Click on privacy and check if there is ""Only me"" , you will find "" public, friends, custom.",_,The user can found his story like he left it after finishing the call,The User found his story like he left it after he finished the call.,High,Pass,FR8    4.1.8.1 Add Story,,Manual
FA-9,FA-166,FA-107,Add Story Negative,Facebook-Adding Stories-Negative 07,Verify that the user can't tag a user not on his friends list,Manual,"1- Open the Facebook mobile application2- Login with a valid username and password.3- Your Home page appear4- Click On Profile page, Click On ""Create story"" Icon, create any story.5- Receive a call during creating a story.",_,The user can't tag a friend not on his friends list.,The User can't tag any friend not on his friends list.PS: he can Tag Public Figures ,High,Pass,FR8    4.1.8.1 Add Story,,Manual
FA-9,FA-166,FA-108,Add Story Negative,Facebook-Adding Stories-Negative 08,Verify that the user can't tag himself in a story.,Manual,"1- Open the Facebook mobile application2- Login with a valid username and password.3- Your Home page appear4- Click On Profile page, Click On ""Create story"" Icon, create any story5-  try to Tag a friend not on your friends list .",_,The user can't tag himself on his stories.,The user can't tag himself on his stories.,High,Pass,FR8    4.1.8.1 Add Story,,Manual
FA-9,FA-166,FA-109,Add Story Negative,Facebook-Adding Stories-Negative 09,"Verify that when the user choose from privacy ""Friends"" unfriends can not see his posts.",Manual,"1- Open the Facebook mobile application2- Login with a valid username and password.3- Your Home page appear4- Click On Profile page, Click On ""Create story"" Icon, create any story. Try to tag yourself",_,Unfriends can't see the stories that is not public privacy. ,Unfriends can't see the stories the user shared with friends only privacy,High,Pass,FR8    4.1.8.1 Add Story,,Manual
FA-9,FA-166,FA-110,Add Story Negative,Facebook-Adding Stories-Negative 10,"Verify the user when he share story with ""Hide from"" that friend can't see this story.",Manual,"1- Open the Facebook mobile application2- Login with a valid username and password.3- Your Home page appear4- Click On Profile page, Click On ""Create story"" Icon, create any story. 5- choose from ""privacy"" friends.",_,The friend the user choose to hide story from can't see the story.,The friend the user choose to hide story from can't see the story.,High,Pass,FR8    4.1.8.1 Add Story,,Manual
FA-9,FA-166,FA-111,Add Story Negative,Facebook-Adding Stories-Negative 11,"Verify the user when he share story with ""Custom friends"" that no one out of customed friends can see the story.",Manual,"1- Open the Facebook mobile application2- Login with a valid username and password.3- Your Home page appear4- Click On Profile page, Click On ""Create story"" Icon, create any story. 5- choose from ""privacy"" Custom and choose the friends you want to share the story with.",_,Un customed friends can't see the story.,Un customed friends can't see the story.,High,Pass,FR8    4.1.8.1 Add Story,,Manual
FA-9,FA-166,FA-112,Add Story Negative,Facebook-Adding Stories-Negative 12,Verify that the user find his story created after internet connection is back ,Manual,"1- Open the Facebook mobile application2- Login with a valid username and password.3- Your Home page appear4- Click On Profile page, Click On ""Create story"" Icon, create any story.",_,The user can found the story he crated after the internet connection back.,The User found his post posted after the internet connection come back,High,Pass,FR8    4.1.8.1 Add Story,,Manual
FA-10,FA-3,FA-113,Messaging GUI,Facebook-Messaging-GUI 01,Verify the Alignment of fields on Messenger,Manual,"1- Open the Facebook mobile application 2- Login with a valid username and password.4- Click On ""Messaging"" icon.5- Or you can open Messenger App directly.",_,Good Alignment of fields in Messenger ,Good Alignment of fields in Messenger ,High,Pass,FR9    4.1.9 Messaging,,Manual
FA-10,FA-3,FA-114,Messaging GUI,Facebook-Messaging-GUI 02,Verify the balance between the font size and icons size,Manual,"1- Open the Facebook mobile application 2- Login with a valid username and password.4- Click On ""Messaging"" icon.5- Or you can open Messenger App directly.",_,Good balance between the font size and icons size.,Good balance between the font size and icons size.,High,Pass,FR9    4.1.9 Messaging,,Manual
FA-10,FA-3,FA-115,Messaging GUI,Facebook-Messaging-GUI 03,Verify the balance between the font size and icons size,Manual,"1- Open the Facebook mobile application 2- Login with a valid username and password.4- Click On ""Messaging"" icon.5- Or you can open Messenger App directly.",_,Good balance between the font size and icons size.,Good balance between the font size and icons size.,High,Pass,FR9    4.1.9 Messaging,,Manual
FA-10,FA-3,FA-116,Messaging GUI,Facebook-Messaging-GUI 04,"Verify if the features available in ""portrait"" is the same in ""landscape"" view",Manual,"1- Open the Facebook mobile application 2- Login with a valid username and password.4- Click On ""Messaging"" icon in portrait view then check landscape view.",_,Features is the same in both view.,"The features is the same , but in top friends area it appear complete in landscape but in Portrait view you need to swipe to right to see it all. ",High,Pass,FR9    4.1.9 Messaging,,Manual
FA-10,FA-3,FA-117,Messaging GUI,Facebook-Messaging-GUI 05,Verify the Clear demarcation of different sections on screen,Manual,"1- Open the Facebook mobile application 2- Login with a valid username and password.4- Click On ""Messaging"" icon.",_,Clear demarcation in different sections on the screen.,Clear demarcation in different sections on the screen.,High,Pass,FR9    4.1.9 Messaging,,Manual
FA-10,FA-3,FA-118,Messaging GUI,Facebook-Messaging-GUI 06,Check the color appears when the user write wrong words.,Manual,"1- Open the Facebook mobile application 2- Login with a valid username and password.4- Click On ""Messaging"" icon. 5- Write any message with wrong spelling.",_,Red line should appear under the wrong words.,Nothing appear.,High,Fail,FR9    4.1.9 Messaging,Facebook-Messaging-GUI 06,Manual
FA-10,FA-3,FA-119,Messaging GUI,Facebook-Messaging-GUI 07,Verify that the font size is readable,Manual,"1- Open the Facebook mobile application 2- Login with a valid username and password.4- Click On ""Messaging"" icon. 5- Write any message",_,The font size is readable,The font size is readable,High,Pass,FR9    4.1.9 Messaging,,Manual
FA-10,FA-3,FA-120,Messaging GUI,Facebook-Messaging-GUI 08,"Verify if the font, text color, and color coding of the Messenger  is as per the standard",Manual,"1- Open the Facebook mobile application 2- Login with a valid username and password.4- Click On ""Messaging"" icon.",_," The font, text color, and color coding of the Messenger is as per the standerd."," The font, text color, and color coding of the Messenger is as per the standerd.",High,Pass,FR9    4.1.9 Messaging,,Manual
FA-11,FA-167,FA-121,Messaging Positive,Facebook-Messaging-Positive 01,Verify that the user can send a message to a his friends .,Manual,"1- Open the Facebook mobile application 2- Login with a valid username and password.4- Click On ""Messaging"" icon. 5- choose who you want to chat with and send a message.",_,The user can send messages to his friends.,The user send messages to his friends successfully,High,Pass,FR9    4.1.9 Messaging,,Manual
FA-11,FA-167,FA-122,Messaging Positive,Facebook-Messaging-Positive 02,Verify that the user can send message in a group chat of friends.,Manual,"1- Open the Facebook mobile application 2- Login with a valid username and password.4- Click On ""Messaging"" icon. 5- Click on the ""Pen sign"" then click on ""Create a new group chat"". 6- Choose who you want to sent message to and write your message.",_,The user can send messages group of friends,The user send messages to his group of friends successfully,High,Pass,FR9    4.1.9 Messaging,,Manual
FA-11,FA-167,FA-123,Messaging Positive,Facebook-Messaging-Positive 03,Verify that the user can send message contain his location to a friend.,Manual,"1- Open the Facebook mobile application 2- Login with a valid username and password.4- Click On ""Messaging"" icon. 5- choose who you want to chat with and send a message6- Click on the menu exist in the end of the chat and choose Location.",_,The user can send his Location to a friend in message.,The user send his location to his friend successfully,High,Pass,FR9    4.1.9 Messaging,,Manual
FA-11,FA-167,FA-124,Messaging Positive,Facebook-Messaging-Positive 07,Verify that the user can send message contain multiple photos from Cam to a friend,Manual,"1- Open the Facebook mobile application 2- Login with a valid username and password.4- Click On ""Messaging"" icon. 5- choose who you want to chat with and click on Cam sign and capture a photo  try to captured another one then click send.",_,The user can send message contain multiple photos from cam to friend,The user can't send a message contain multiple photos from Cam to a friend ,Medium,Fail,FR9    4.1.9 Messaging,Facebook-Messaging-Positive 07,Manual
FA-11,FA-167,FA-125,Messaging Positive,Facebook-Messaging-Positive 08,Verify that the user can send message contain multiple  photos captured from to a group,Manual,"1- Open the Facebook mobile application 2- Login with a valid username and password.4- Click On ""Messaging"" icon. 5- choose group you want to chat with and click on Cam sign and capture a photo  try to captured another one then click send.",_,The user can send a message contain multiple photos from Cam to group,The user can't send a message contain multiple photos from Cam to a group,Medium,Fail,FR9    4.1.9 Messaging,Facebook-Messaging-Positive 08,Manual
FA-11,FA-167,FA-126,Messaging Positive,Facebook-Messaging-Positive 10,Verify that the user can send message contain photo  from Gallery to a group.,Manual,"1- Open the Facebook mobile application 2- Login with a valid username and password.4- Click On ""Messaging"" icon. 5- choose group you want to chat with and click on picture sign and choose a photo then click send.",_,The user can send message contain photo from Gallery to a group.,The user send a message contain photo from Gallery to a group successfully,High,Pass,FR9    4.1.9 Messaging,,Manual
FA-11,FA-167,FA-127,Messaging Positive,Facebook-Messaging-Positive 11,Verify that the user can send message contain multiple photos from Gallery to a friend,Manual,"1- Open the Facebook mobile application 2- Login with a valid username and password.4- Click On ""Messaging"" icon. 5- choose group you want to chat with and click on picture sign choose a multiple photos then click send.",_,The user can send message contain multiple photos from gallery to friend,The user can send a message contain multiple photos from Gallery to a friend ,High,Pass,FR9    4.1.9 Messaging,,Manual
FA-11,FA-167,FA-128,Messaging Positive,Facebook-Messaging-Positive 12,Verify that the user can send message contain multiple  photos  from. Gallery to a group,Manual,"1- Open the Facebook mobile application 2- Login with a valid username and password.4- Click On ""Messaging"" icon. 5- choose who you want to chat with and click on picture sign choose a multiple photos then click send.",_,The user can send a message contain multiple photos from  gallery to group,The user can send a message contain multiple photos from Gallery to a group,High,Pass,FR9    4.1.9 Messaging,,Manual
FA-11,FA-167,FA-129,Messaging Positive,Facebook-Messaging-Positive 14,Verify that the user can send voice message  to a group.,Manual,"1- Open the Facebook mobile application 2- Login with a valid username and password.4- Click On ""Messaging"" icon. 5-Select s group of friends.6- Click on Mic sign and record a voice and click send.",_,The user can send voice message to a group .,The user send  voice message to a group successfully,High,Pass,FR9    4.1.9 Messaging,,Manual
FA-11,FA-167,FA-130,Messaging Positive,Facebook-Messaging-Positive 15,Verify that the user can send message contain Emoji to a friend.,Manual,"1- Open the Facebook mobile application 2- Login with a valid username and password.4- Click On ""Messaging"" icon 5- choose who you want to chat with and send a message.6- Click on emoji sign exist next to the place where you can write message.",_,The user can send contain emoji to a friend ,The user send message contain emoji to his friend successfully,High,Pass,FR9    4.1.9 Messaging,,Manual
FA-11,FA-167,FA-131,Messaging Positive,Facebook-Messaging-Positive 16,Verify that the user can send message contain Emoji to a group.,Manual,"1- Open the Facebook mobile application 2- Login with a valid username and password.4- Click On ""Messaging"" icon5-Select s group of friends.6- Click on emoji sign exist next to the place where you can write message.",_,The user can send contain emoji to a group. ,The user send message contain emoji to group successfully,High,Pass,FR9    4.1.9 Messaging,,Manual
FA-11,FA-167,FA-132,Messaging Positive,Facebook-Messaging-Positive 18,Verify that the user can send message contain Stickers to a group.,Manual,"1- Open the Facebook mobile application 2- Login with a valid username and password.4- Click On ""Messaging"" icon.5-Select s group of friends..6- Click on emoji sign then click on stickers.",_,The user can send contain Stickers to a group. ,The user send message contain Stickers to group successfully,High,Pass,FR9    4.1.9 Messaging,,Manual
FA-11,FA-167,FA-133,Messaging Positive,Facebook-Messaging-Positive 19,Verify that the user can send message contain Gifs to a friend.,Manual,"1- Open the Facebook mobile application 2- Login with a valid username and password.4- Click On ""Messaging"" icon 5- choose who you want to chat with and send a message.6- Click on emoji sign then click on Gifs.",_,The user can send contain Gifs to a friend ,The user send message contain Gifs to his friend successfully,High,Pass,FR9    4.1.9 Messaging,,Manual
FA-11,FA-167,FA-134,Messaging Positive,Facebook-Messaging-Positive 20,Verify that the user can send message contain Gifs to a group.,Manual,"1- Open the Facebook mobile application 2- Login with a valid username and password.4- Click On ""Messaging"" icon 5-Select s group of friends.6- Click on emoji sign then click on Gifs.",_,The user can send contain Gifs to a group.,The user send message contain Gifs to group successfully,High,Pass,FR9    4.1.9 Messaging,,Manual
FA-11,FA-167,FA-135,Messaging Positive,Facebook-Messaging-Positive 21,Verify that the user can share posts from newsfeed with a friend in messenger,Manual,"1- Open the Facebook mobile application 2- Login with a valid username and password.4- choose any post you want to share , then click share ""Arrow"" excited under the post , choose "" Send in Messenger""5- Choose the friend you want to share with.",_,The user can share posts from newsfeed with a friend.,The user share posts with a friend in messenger successfully,High,Pass,FR9    4.1.9 Messaging,,Manual
FA-11,FA-167,FA-136,Messaging Positive,Facebook-Messaging-Positive 22,Verify that the user can share posts from newsfeed with group in messenger,Manual,"1- Open the Facebook mobile application 2- Login with a valid username and password.4- choose any post you want to share , then click share ""Arrow"" excited under the post , choose "" Send in Messenger""5- Choose the group you want to share with.",_,The user can share posts from newsfeed with group.,The user share posts with group in messenger successfully,High,Pass,FR9    4.1.9 Messaging,,Manual
FA-11,FA-167,FA-137,Messaging Positive,Facebook-Messaging-Positive 23,Verify that the user can change the theme in the chat with a friend.,Manual,"1- Open the Facebook mobile application 2- Login with a valid username and password.4- Click On Messenger Sign5- choose one of your friends.6- Click on ""i"" sign available on the right upper of the chat and choose ""Theme"" then choose the theme you want to apply in your chat.",_,The user can change the theme with a friend.,The user applied the theme in chat with his friend successfully,High,Pass,FR9    4.1.9 Messaging,,Manual
FA-11,FA-167,FA-138,Messaging Positive,Facebook-Messaging-Positive 24,Verify that the user can change the theme in the a group chat,Manual,"1- Open the Facebook mobile application 2- Login with a valid username and password.4- Click On Messenger Sign5- Choose the group you want to make changes at.6- Click on ""i"" sign available on the right upper of the chat and choose ""Theme"" then choose the theme you want to apply in your chat.",_,The user can change the theme with a group,The user applied the theme in his group chat successfully,High,Pass,FR9    4.1.9 Messaging,,Manual
FA-11,FA-167,FA-139,Messaging Positive,Facebook-Messaging-Positive 25,Verify that the user can make nicknames in chat with a friend.,Manual,"1- Open the Facebook mobile application 2- Login with a valid username and password.4- Click On Messenger Sign5- choose one of your friends6- Click on ""i"" sign available on the right upper of the chat and choose ""Nicknames"" then choose nicknames for you and for your friend.",_,The user can make nick names for him and  for his friend.,The user make nicknames  in chat with his friend successfully,High,Pass,FR9    4.1.9 Messaging,,Manual
FA-11,FA-167,FA-140,Messaging Positive,Facebook-Messaging-Positive 26,Verify that the user can make nicknames in the a group chat,Manual,"1- Open the Facebook mobile application 2- Login with a valid username and password.4- Click On Messenger Sign5- Choose the group you want to make changes at.6- Click on ""i"" sign available on the right upper of the chat and choose ""Nicknames"" then choose nicknames for you and for your friend.",_,The user can make nicknames for his friends in the group,The user make nicknames in chat with his group friends successfully,High,Pass,FR9    4.1.9 Messaging,,Manual
FA-11,FA-167,FA-141,Messaging Positive,Facebook-Messaging-Positive 27,"Verify that the user can change ""Quick reaction"" in chat with a friend.",Manual,"1- Open the Facebook mobile application 2- Login with a valid username and password.4- Click On Messenger Sign5- choose one of your friends6- Click on ""i"" sign available on the right upper of the chat and choose ""Quick reaction"" then choose the react you want to apply in your chat.",_,"The user can change the ""quick reaction"" in his chat with a friend","The user changes the ""quick reaction""  in chat with his friend successfully",High,Pass,FR9    4.1.9 Messaging,,Manual
FA-11,FA-167,FA-142,Messaging Positive,Facebook-Messaging-Positive 28,"Verify that the user can  change ""Quick reaction"" in the a group chat",Manual,"1- Open the Facebook mobile application 2- Login with a valid username and password.4- Click On Messenger Sign5- Choose the group you want to make changes at.6- Click on ""i"" sign available on the right upper of the chat and choose ""Quick reaction"" then choose the react you want to apply in your chat.",_,"The user can  change the ""quick reaction"" in his group","The user  changes the ""quick reaction"" in chat with his group successfully",High,Pass,FR9    4.1.9 Messaging,,Manual
FA-11,FA-167,FA-143,Messaging Positive,Facebook-Messaging-Positive 30,"Verify that the user can view media , files and links shared in chat with a group.",Manual,"1- Open the Facebook mobile application 2- Login with a valid username and password.4- Click On Messenger Sign5- Choose the group you want to make changes at.6- Click on ""i"" sign available on the right upper of the chat and choose ""View media, files and links"" .",_,The user can access to shared files or media or links shared in group chat,"The user viewed "" media ,files, and links shared in his group chat",High,Pass,FR9    4.1.9 Messaging,,Manual
FA-11,FA-167,FA-144,Messaging Positive,Facebook-Messaging-Positive 33,Verify that the user can search in messages in chat with a friend.,Manual,"1- Open the Facebook mobile application 2- Login with a valid username and password.4- Click On Messenger Sign5- choose one of your friends.6- Click on ""i"" sign available on the right upper of the chat and choose ""Search in conversation"" , type and words you want to search for.",_,The user can search in messages in his chat with a friend,The user searched in messages in his chat with a friend successfully.,High,Pass,FR9    4.1.9 Messaging,,Manual
FA-11,FA-167,FA-145,Messaging Positive,Facebook-Messaging-Positive 36,Verify that the user can mute any chat with a group.,Manual,"1- Open the Facebook mobile application 2- Login with a valid username and password.4- Click On Messenger Sign5- Choose the group you want to make changes at.6- Click on ""i"" sign available on the right upper of the chat and choose ""Notification & sounds"" and turn off notifications sound.",_,The user can mute any chat with a group.,The user turn off notifications of any group chat  successfully.,High,Pass,FR9    4.1.9 Messaging,,Manual
FA-11,FA-167,FA-146,Messaging Positive,Facebook-Messaging-Positive 39,Verify that the user can Restrict a friend.,Manual,"1- Open the Facebook mobile application 2- Login with a valid username and password.4- Click On Messenger Sign5- choose one of your friends.6- Click on ""i"" sign available on the right upper of the chat and choose ""Restrict"" and click ""Restrict …....""",_,The user can Restrict a friend,The user can Restrict a friend,High,Pass,FR9    4.1.9 Messaging,,Manual
FA-11,FA-167,FA-147,Messaging Positive,Facebook-Messaging-Positive 40,Verify that the user can Block a friend.,Manual,"1- Open the Facebook mobile application 2- Login with a valid username and password.4- Click On Messenger Sign5- choose one of your friends.6- Click on ""i"" sign available on the right upper of the chat and choose ""Block"" and choose between "" Block Messages and calls Or Block on Facebook""",_,The user can Block a friend,The user can Block a friend,High,Pass,FR9    4.1.9 Messaging,,Manual
FA-11,FA-167,FA-148,Messaging Positive,Facebook-Messaging-Positive 41,Verify that the user can Report a friend.,Manual,"1- Open the Facebook mobile application 2- Login with a valid username and password.4- Click On Messenger Sign5- choose one of your friends.6- Click on ""i"" sign available on the right upper of the chat and choose ""Report"" and choose the problem you want to report for .",_,The user can Report a friend,The user can Report a friend,High,Pass,FR9    4.1.9 Messaging,,Manual
FA-11,FA-167,FA-149,Messaging Positive,Facebook-Messaging-Positive 42,Verify that the user can block a member in group chat.,Manual,"1- Open the Facebook mobile application 2- Login with a valid username and password.4- Click On Messenger Sign5- Choose the group you want to make changes at.6- Click on ""i"" sign available on the right upper of the chat and choose""Block a member"" and choose who you want to block .",_,The user can block members from a group,The user can block members from groups successfully.,High,Pass,FR9    4.1.9 Messaging,,Manual
FA-11,FA-167,FA-150,Messaging Positive,Facebook-Messaging-Positive 43,Verify that the user can Give feedback or Report an issue in a group chat.,Manual,"1- Open the Facebook mobile application 2- Login with a valid username and password.4- Click On Messenger Sign5- Choose the group you want to make changes at.6- Click on ""i"" sign available on the right upper of the chat and choose ""Report"" then choose the problem you want to report for .",_,The user can Report an issue in group chat.,The user Reported an issue successfully.,High,Pass,FR9    4.1.9 Messaging,,Manual
FA-11,FA-167,FA-151,Messaging Positive,Facebook-Messaging-Positive 44,Verify that the user Leave group chat.,Manual,"1- Open the Facebook mobile application 2- Login with a valid username and password.4- Click On Messenger Sign5- Choose the group you want to make changes at.6- Click on ""i"" sign available on the right upper of the chat and choose choose ""Leave Chat""",_,The user can leave group chat.,The user can leave group chat successfully.,High,Pass,FR9    4.1.9 Messaging,,Manual
FA-12,FA-168,FA-152,Messaging Negative,Facebook-Messaging-Negative 01,Verify that the user can't send empty message.,Manual,1- Open the Facebook mobile application 2- Login with a valid username and password.4- Click On Messenger Sign.5- choose who you want to chat with and try to send an empty message.,_,The user can't send empty Message,The user can't send empty Message,High,Pass,FR9    4.1.9 Messaging,,Manual
FA-12,FA-168,FA-153,Messaging Negative,Facebook-Messaging-Negative 02,Verify that the user find his message sent after internet connection is back ,Manual,1- Open the Facebook mobile application 2- Login with a valid username and password.4- Click On Messenger Sign.5- choose who you want to chat with and try to send a message.,_,The user can found his message sent after the internet connection back,The user  found his message sent after the internet connection back.,High,Pass,FR9    4.1.9 Messaging,,Manual
FA-12,FA-168,FA-154,Messaging Negative,Facebook-Messaging-Negative 03,Verify the user can't send his location of location services are turned off.,Manual,1- Open the Facebook mobile application 2- Login with a valid username and password.4- Click On Messenger Sign5- choose who you want to chat with and try to send a message and try to send you Location,_,"The user can't send his location if "" Location services"" off.","The user can't send his location if "" Location services"" off.",High,Pass,FR9    4.1.9 Messaging,,Manual
FA-12,FA-168,FA-155,Messaging Negative,Facebook-Messaging-Negative 04,Verify that the calls Interruption will not effect on writing a message,Manual,1- Open the Facebook mobile application 2- Login with a valid username and password.4- Click On Messenger Sign5- Write a message to a friend then receive a phone call while writing the Message.,_,The user can found his message like he left it after finishing the call,The user can found his message like he left it after finishing the call,High,Pass,FR9    4.1.9 Messaging,,Manual
FA-12,FA-168,FA-156,Messaging Negative,Facebook-Messaging-Negative 05,Verify that the user can deletes' a message after sending it.,Manual,"1- Open the Facebook mobile application 2- Login with a valid username and password.4- Click On Messenger Sign5-send a message to friend then press long press on the message and choose ""Remove""choose "" Remove for me"".",_,The user can delete a message he sent .,The user can delete a message he sent .,High,Pass,FR9    4.1.9 Messaging,,Manual
FA-12,FA-168,FA-157,Messaging Negative,Facebook-Messaging-Negative 06,Verify that the user can Unsend any message,Manual,"1- Open the Facebook mobile application 2- Login with a valid username and password.4- Click On Messenger Sign5-send a message to friend then press long press on the message and choose choose "" Unsend"".",_,The user can Un send a message he sent .,The user can Un send a message he sent .,High,Pass,FR9    4.1.9 Messaging,,Manual
FA-12,FA-168,FA-158,Messaging Negative,Facebook-Messaging-Negative 07,Verify that the user can Restrict  friend without enter to the his chat,Manual,"1- Open the Facebook mobile application 2- Login with a valid username and password.4- Click On Messenger Sign5-Choose the chat you want  then press long press on the chat and choose ""Restrict""",_,The user can Restrict a friend without enter the conversation,The user can Restrict a friend without enter the conversation,High,Pass,FR9    4.1.9 Messaging,,Manual
FA-12,FA-168,FA-159,Messaging Negative,Facebook-Messaging-Negative 08,Verify that the user can Block any friend without enter to the chat,Manual,"1- Open the Facebook mobile application 2- Login with a valid username and password.4- Click On Messenger Sign5-Choose the chat you want  then press long press on the chat and choose ""Block""",_,The user can Block a friend without enter the conversation,The user can Block a friend without enter the conversation,High,Pass,FR9    4.1.9 Messaging,,Manual
FA-12,FA-168,FA-160,Messaging Negative,Facebook-Messaging-Negative 09,Verify that the user can Leave group without enter to the conversation,Manual,"1- Open the Facebook mobile application 2- Login with a valid username and password.4- Click On Messenger Sign5-Choose the chat you want  then press long press on the chat and choose ""Leave Group""",_,The user can Leave a group without enter the conversation,The user can Leave a group without enter the conversation,High,Pass,FR9    4.1.9 Messaging,,Manual
FA-12,FA-168,FA-161,Messaging Negative,Facebook-Messaging-Negative 10,Verify that the user can't undone deleted chat.,Manual,"1- Open the Facebook mobile application 2- Login with a valid username and password.4- Click On Messenger Sign5-Choose any chat you want to delete and press long press on the chat and choose ""Delete""",_,The user can't undone deleted chat.,The user can't undone deleted chat.,High,Pass,FR9    4.1.9 Messaging,,Manual
FA-12,FA-168,FA-162,Messaging Negative,Facebook-Messaging-Negative 11,Verify that the user can't delete a message sent by a friend in a friend's ,Manual,"1- Open the Facebook mobile application 2- Login with a valid username and password.4- Click On Messenger Sign5-Choose any chat you want to delete and press long press on the chat  and choose ""Remove"" "" response message appear ""This message will be removed for you . Other chat members will still be able to see it.",_,The user can't delete a message sent by a friend in a friend's Chat,The user can't delete a message sent by a friend in a friend's Chat,High,Pass,FR9    4.1.9 Messaging,,Manual
